title,company,link
"Java 백엔드,TypeScript, 딥러닝 개발자 경력직 채용 - 팜커넥트(주)",팜커넥트㈜,https://www.jobkorea.co.kr//Recruit/GI_Read/34246114?Oem_Code=C1&logpath=1
Front-end & Back-endTypescript개발자,랩투마켓,https://www.jobkorea.co.kr//Recruit/GI_Read/33824441?Oem_Code=C1&logpath=1
"[신입가능]프론트엔드 개발자 모집 (React,Typescript)",인디니티,https://www.jobkorea.co.kr//Recruit/GI_Read/34217316?Oem_Code=C1&logpath=1
[경력] 리액트(React) 타입스크립트(Typescript) 프론트엔드 개발자,㈜스마트포트테크놀로지,https://www.jobkorea.co.kr//Recruit/GI_Read/34172591?Oem_Code=C1&logpath=1
스마트팩토리 개발 프론트엔드(Front-end) 개발자 모집(경력 2년 이상)/vue react 자바스크립트 Javascripttypescript,울랄라랩㈜,https://www.jobkorea.co.kr//Recruit/GI_Read/33931349?Oem_Code=C1&logpath=1
영업제휴/인바운드CS/서비스개발 담당자 모집,한국선불카드㈜,https://www.jobkorea.co.kr//Recruit/GI_Read/34291877?Oem_Code=C1&logpath=1
"[디지털금융] 모바일뱅킹 기획자, JAVA개발자,Native 개발자 / AI 분야, 데이타시각화 개발자 모집",㈜에프에이솔루션,https://www.jobkorea.co.kr//Recruit/GI_Read/34104402?Oem_Code=C1&logpath=1
[초격차복지]각 부문별 경력 인재영입,㈜세이프티아,https://www.jobkorea.co.kr//Recruit/GI_Read/34213761?Oem_Code=C1&logpath=1
(주)스포카 개발자(백엔드/프론트엔드/안드로이드/iOS) 채용,Spoqa,https://www.jobkorea.co.kr//Recruit/GI_Read/33653831?Oem_Code=C1&logpath=1
캐주얼게임 백앤드 개발자,(주)베이글코드,https://www.jobkorea.co.kr//Recruit/GI_Read/34210617?Oem_Code=C1&logpath=1
[WEB팀] 웹 프론트엔드 개발자 모집,보맵 주식회사,https://www.jobkorea.co.kr//Recruit/GI_Read/34322463?Oem_Code=C1&logpath=1
빗썸 Front-End / Back-End / AOS / iOS 개발자 경력직 채용,㈜빗썸코리아,https://www.jobkorea.co.kr//Recruit/GI_Read/34314314?Oem_Code=C1&logpath=1
개발직군 (웹개발) 담당 채용,㈜스마일게이트스토브,https://www.jobkorea.co.kr//Recruit/GI_Read/34310742?Oem_Code=C1&logpath=1
웹/ 앱/ 시스템/ 인프라/ 네트웍/ 서버/보안 부문 경력채용,현대오토에버㈜,https://www.jobkorea.co.kr//Recruit/GI_Read/34236722?Oem_Code=C1&logpath=1
현대오토에버 경력사원 대규모 상시 채용,현대오토에버㈜,https://www.jobkorea.co.kr//Recruit/GI_Read/34221018?Oem_Code=C1&logpath=1
2021년 상반기 각 부문 신입/경력 채용,더이앤엠㈜,https://www.jobkorea.co.kr//Recruit/GI_Read/34210125?Oem_Code=C1&logpath=1
[기술개발부] 각 부문 경력사원 모집,더이앤엠㈜,https://www.jobkorea.co.kr//Recruit/GI_Read/34210564?Oem_Code=C1&logpath=1
MDI 사업본부 프론트 엔드(Front-end) 경력직 개발자 채용(정규직),㈜아이온커뮤니케이션즈,https://www.jobkorea.co.kr//Recruit/GI_Read/34207543?Oem_Code=C1&logpath=1
[위메이드트리] 블록체인/백엔드/풀스택/운영/보안/게임서버개발,㈜위메이드,https://www.jobkorea.co.kr//Recruit/GI_Read/34203487?Oem_Code=C1&logpath=1
리치플래닛 UI개발/App(iOS)개발 분야별 경력사원 모집,㈜리치앤코,https://www.jobkorea.co.kr//Recruit/GI_Read/34193363?Oem_Code=C1&logpath=1
[슈가힐/네모] 백엔드개발자 (Back-end Developer),슈가힐,https://www.jobkorea.co.kr//Recruit/GI_Read/34183747?Oem_Code=C1&logpath=1
[슈가힐/네모] 풀스택개발자 (Fullstack Developer),슈가힐,https://www.jobkorea.co.kr//Recruit/GI_Read/34179552?Oem_Code=C1&logpath=1
[FE개발1] Front-end 개발 분야 모집,11번가㈜,https://www.jobkorea.co.kr//Recruit/GI_Read/34173979?Oem_Code=C1&logpath=1
(주)노랑풍선 IT부문 개발자 경력직 채용,㈜노랑풍선,https://www.jobkorea.co.kr//Recruit/GI_Read/34169045?Oem_Code=C1&logpath=1
프론트엔드 개발자 모집,네이버제트,https://www.jobkorea.co.kr//Recruit/GI_Read/34132045?Oem_Code=C1&logpath=1
[개발]위메프 프론트엔드 개발자(정규직),㈜위메프,https://www.jobkorea.co.kr//Recruit/GI_Read/34127419?Oem_Code=C1&logpath=1
시지온 CTO 채용,㈜시지온,https://www.jobkorea.co.kr//Recruit/GI_Read/34115267?Oem_Code=C1&logpath=1
"UI/UX 디자이너, 자바 백엔드, 프론트 엔드개발자 채용",스탠다드네트웍스㈜,https://www.jobkorea.co.kr//Recruit/GI_Read/34049333?Oem_Code=C1&logpath=1
[신입/경력] 웹개발(프론트엔드/백엔드) 정규직 채용,㈜에어릭스,https://www.jobkorea.co.kr//Recruit/GI_Read/34047138?Oem_Code=C1&logpath=1
Frontend Developer,유한책임회사 딜리버리히어로코리아,https://www.jobkorea.co.kr//Recruit/GI_Read/33987269?Oem_Code=C1&logpath=1
[슈가힐/네모] 서버개발자 (Server Developer),슈가힐,https://www.jobkorea.co.kr//Recruit/GI_Read/33973575?Oem_Code=C1&logpath=1
[쿡앱스] 프론트엔드 개발자 채용,㈜쿡앱스,https://www.jobkorea.co.kr//Recruit/GI_Read/33953633?Oem_Code=C1&logpath=1
Front-end 개발 분야 모집,11번가㈜,https://www.jobkorea.co.kr//Recruit/GI_Read/33929932?Oem_Code=C1&logpath=1
[네오위즈] 각 부문 통합 채용,㈜네오위즈,https://www.jobkorea.co.kr//Recruit/GI_Read/33911582?Oem_Code=C1&logpath=1
"112.[상장예정기업] 프론트엔드 엔지니어(초대졸, 3년 이상)",(주) 마이나비코리아,https://www.jobkorea.co.kr//Recruit/GI_Read/33879556?Oem_Code=C1&logpath=1
`피터팬의 좋은방 구하기`에서 함께 성장할 프론트엔드 개발자를 모십니다.,㈜두꺼비세상,https://www.jobkorea.co.kr//Recruit/GI_Read/33873309?Oem_Code=C1&logpath=1
인공지능(AI)기반 프론트엔드 개발 직군 채용(경력),포티투마루,https://www.jobkorea.co.kr//Recruit/GI_Read/33840832?Oem_Code=C1&logpath=1
[슈가힐/네모] 병역특례 서버개발자 (Server Developer),슈가힐,https://www.jobkorea.co.kr//Recruit/GI_Read/33839446?Oem_Code=C1&logpath=1
[WEB] React FrontEnd 개발자,한국정보공학,https://www.jobkorea.co.kr//Recruit/GI_Read/33834069?Oem_Code=C1&logpath=1
2021년 경력사원 상시채용(SW개발/웹개발Front-End),케이티,https://www.jobkorea.co.kr//Recruit/GI_Read/33718129?Oem_Code=C1&logpath=1
"093.[국내상장예정기업] 프론트엔드 엔지니어(5년, 전문대졸, 웹 개발)",(주) 마이나비코리아,https://www.jobkorea.co.kr//Recruit/GI_Read/33704274?Oem_Code=C1&logpath=1
084.[국내유명기업] 프론트엔드개발 (3년이상/신규플랫폼개발),(주) 마이나비코리아,https://www.jobkorea.co.kr//Recruit/GI_Read/33581637?Oem_Code=C1&logpath=1
"신규 사업 TF팀, Front-end 개발자 채용",티맵모빌리티(주),https://www.jobkorea.co.kr//Recruit/GI_Read/34309392?Oem_Code=C1&logpath=1
[티몬] 신사업개발 Front end 개발자,(주)티몬,https://www.jobkorea.co.kr//Recruit/GI_Read/34291563?Oem_Code=C1&logpath=1
[펜타클] 풀스택 엔지니어 경력직 개발자 채용,메가존㈜,https://www.jobkorea.co.kr//Recruit/GI_Read/34234349?Oem_Code=C1&logpath=1
실력으로 증명하는 프로 JAVA 웹개발자를 채용합니다,㈜네이미,https://www.jobkorea.co.kr//Recruit/GI_Read/34056576?Oem_Code=C1&logpath=1
웹 개발팀 프로그래머 채용,아이지아이코리아,https://www.jobkorea.co.kr//Recruit/GI_Read/34291744?Oem_Code=C1&logpath=1
웹 프론트엔드 개발자 신입/경력 채용,위드피아노㈜,https://www.jobkorea.co.kr//Recruit/GI_Read/34270880?Oem_Code=C1&logpath=1
SKT T월드 구독서비스 구축 & 챗봇서비스 개선 개발자 모집,㈜소프트웍스,https://www.jobkorea.co.kr//Recruit/GI_Read/34199434?Oem_Code=C1&logpath=1
기획 / 개발 / 디자인 전직군 모집,㈜트라움인포테크,https://www.jobkorea.co.kr//Recruit/GI_Read/34163975?Oem_Code=C1&logpath=1
[VNTG] 웹/서버 분야 개발자 인턴 (채용 전제형) 모집,브이엔티지,https://www.jobkorea.co.kr//Recruit/GI_Read/34053758?Oem_Code=C1&logpath=1
2021년 각 부문별 직원 채용,(유)앤서스랩코리아,https://www.jobkorea.co.kr//Recruit/GI_Read/33871906?Oem_Code=C1&logpath=1
스타트업 프론트엔드 React Native개발자 경력 채용(정규직),어니언스,https://www.jobkorea.co.kr//Recruit/GI_Read/34289447?Oem_Code=C1&logpath=1
SKT DevOps 플랫폼 운영,㈜소프트웍스,https://www.jobkorea.co.kr//Recruit/GI_Read/34199525?Oem_Code=C1&logpath=1
[연 3500만 이상] PHP 웹엔지니어 채용,㈜메먼트,https://www.jobkorea.co.kr//Recruit/GI_Read/34164031?Oem_Code=C1&logpath=1
[정규직] Back-end (Java 개발) 및 Front-end 개발자 채용,(주)지금컴퍼니,https://www.jobkorea.co.kr//Recruit/GI_Read/34078932?Oem_Code=C1&logpath=1
iOS Developer (ios 개발자 모집) - 주33시간 근무,㈜뉴인,https://www.jobkorea.co.kr//Recruit/GI_Read/34041691?Oem_Code=C1&logpath=1
키움에셋플래너(주) IT팀 채용,키움에셋플래너㈜,https://www.jobkorea.co.kr//Recruit/GI_Read/33996363?Oem_Code=C1&logpath=1
"블록체인 개발자, DeFi 개발자 채용",플루토스디에스㈜,https://www.jobkorea.co.kr//Recruit/GI_Read/33745340?Oem_Code=C1&logpath=1
크라우드웍스 개발 & 데이터PM직군 경력직 모집,주식회사 크라우드웍스,https://www.jobkorea.co.kr//Recruit/GI_Read/34324402?Oem_Code=C1&logpath=1
Font-end 개발자 모십니다.,㈜조인트리,https://www.jobkorea.co.kr//Recruit/GI_Read/34285511?Oem_Code=C1&logpath=1
웹 개발자 모집 (경력직),㈜아이메디신,https://www.jobkorea.co.kr//Recruit/GI_Read/34322316?Oem_Code=C1&logpath=1
프론트엔드 신입/경력 채용공고,㈜내담네트웍스,https://www.jobkorea.co.kr//Recruit/GI_Read/34317893?Oem_Code=C1&logpath=1
FTI `21 상반기 각부문별 신입/경력사원 모집,주식회사 프랭클린테크놀로지,https://www.jobkorea.co.kr//Recruit/GI_Read/34316893?Oem_Code=C1&logpath=1
협업메신저 개발부문 Node.js & JAVA 개발 경력직 채용 공고,㈜새롬정보시스템,https://www.jobkorea.co.kr//Recruit/GI_Read/34307037?Oem_Code=C1&logpath=1
기술연구소 4차산업혁명 대응팀 웹개발 경력직 공개채용,수성엔지니어링,https://www.jobkorea.co.kr//Recruit/GI_Read/34305173?Oem_Code=C1&logpath=1
의료서비스 스타트업에서 함께할 웹 프론트엔드 개발자 구합니다.,오퍼스원,https://www.jobkorea.co.kr//Recruit/GI_Read/34300455?Oem_Code=C1&logpath=1
프론트엔드 개발자 모집 [경력자],㈜메타몰프,https://www.jobkorea.co.kr//Recruit/GI_Read/34298405?Oem_Code=C1&logpath=1
네이티브(하이브리드) 앱 & 웹 개발자 채용,단플,https://www.jobkorea.co.kr//Recruit/GI_Read/34285752?Oem_Code=C1&logpath=1
[솔리드웨어] Full Stack 엔지니어 (Full Stack Engineer) 모집,솔리드웨어,https://www.jobkorea.co.kr//Recruit/GI_Read/34288076?Oem_Code=C1&logpath=1
"웹 개발자, DBA, Server 개발자 채용 공고",㈜시큐리티넷,https://www.jobkorea.co.kr//Recruit/GI_Read/34288069?Oem_Code=C1&logpath=1
2021년 각 부문 경력직 채용,㈜알티올,https://www.jobkorea.co.kr//Recruit/GI_Read/34267038?Oem_Code=C1&logpath=1
"플로브와 함께할 풀스택 개발자를 찾습니다(신입, 2년미만 경력)",㈜씨에이치스퀘어,https://www.jobkorea.co.kr//Recruit/GI_Read/34287555?Oem_Code=C1&logpath=1
[업비트 백오피스 개발] 보충역/전직 채용,㈜퓨쳐위즈,https://www.jobkorea.co.kr//Recruit/GI_Read/34285044?Oem_Code=C1&logpath=1
"[업비트 백오피스 개발] 프론트엔드 엔지니어 (Frontend Engineer) 채용 (보충역,전직 가능)",㈜퓨쳐위즈,https://www.jobkorea.co.kr//Recruit/GI_Read/34284838?Oem_Code=C1&logpath=1
[스탁키퍼] 프론트앤드 웹 개발자 (Web Developer) 모집,㈜스탁키퍼,https://www.jobkorea.co.kr//Recruit/GI_Read/34284343?Oem_Code=C1&logpath=1
[스탁키퍼] 풀스텍 개발자 (Full Stack Developer) 모집,㈜스탁키퍼,https://www.jobkorea.co.kr//Recruit/GI_Read/34284334?Oem_Code=C1&logpath=1
[판교] 스마트팩토리 솔루션(IoT/AI) SW개발 프론트/백엔드 채용 (신입/경력),㈜이파피루스,https://www.jobkorea.co.kr//Recruit/GI_Read/34280865?Oem_Code=C1&logpath=1
[판교] 프론트/백엔드/엔진 개발 병역특례 (전직/재배정) 채용,㈜이파피루스,https://www.jobkorea.co.kr//Recruit/GI_Read/34280759?Oem_Code=C1&logpath=1
[판교] Java/Angular/Javascript/프론트/백엔드/엔진 개발 채용 (신입/경력),㈜이파피루스,https://www.jobkorea.co.kr//Recruit/GI_Read/34280715?Oem_Code=C1&logpath=1
국내영업/영업관리/마케팅부/해외영업/연구소(전자/기구)/생산관리/생산기술/자재관리 채용,에이스메디칼㈜,https://www.jobkorea.co.kr//Recruit/GI_Read/34268666?Oem_Code=C1&logpath=1
[㈜루나소프트] 개발자 전부문 경력직 채용,루나소프트,https://www.jobkorea.co.kr//Recruit/GI_Read/34263463?Oem_Code=C1&logpath=1
"[SK하이닉스 프로젝트] Backend (Python, Go) / Frontend (React) 개발자 모십니다.",시프트원㈜,https://www.jobkorea.co.kr//Recruit/GI_Read/34263234?Oem_Code=C1&logpath=1
Front UI 개발자 채용,클로봇,https://www.jobkorea.co.kr//Recruit/GI_Read/34262768?Oem_Code=C1&logpath=1
함께 일할 웹프로그래머를 구합니다(경력단절여성 지원가능합니다).,㈜뉴프롬,https://www.jobkorea.co.kr//Recruit/GI_Read/34256133?Oem_Code=C1&logpath=1
[키즈룹/바다나무] Backend Developer (개발자) 채용,키즈룹㈜,https://www.jobkorea.co.kr//Recruit/GI_Read/34253735?Oem_Code=C1&logpath=1
펌웨어 엔지니어 채용,아보카도랩,https://www.jobkorea.co.kr//Recruit/GI_Read/34249291?Oem_Code=C1&logpath=1
위메프오 프론트엔드 개발자(정규직),㈜위메프오,https://www.jobkorea.co.kr//Recruit/GI_Read/34244707?Oem_Code=C1&logpath=1
웹 개발 O명  응용 소프트웨어 O명 개발자 경력직 각 부문 모집,㈜누리랩,https://www.jobkorea.co.kr//Recruit/GI_Read/34244472?Oem_Code=C1&logpath=1
웹 프론트엔드 개발자 채용,엔웨이코리아㈜,https://www.jobkorea.co.kr//Recruit/GI_Read/34244258?Oem_Code=C1&logpath=1
웹 서비스 구현 개발자 채용,엔웨이코리아㈜,https://www.jobkorea.co.kr//Recruit/GI_Read/34244107?Oem_Code=C1&logpath=1
(주)타임교육 C&P 온라인 서비스 개발자 채용,㈜타임교육C&P,https://www.jobkorea.co.kr//Recruit/GI_Read/34243961?Oem_Code=C1&logpath=1
지란지교컴즈 서비스 개발 부문 채용,㈜지란지교컴즈,https://www.jobkorea.co.kr//Recruit/GI_Read/34240071?Oem_Code=C1&logpath=1
"[SMD] 풀스택 개발자, Front-End Application 개발자 모집",㈜에스엠디솔루션,https://www.jobkorea.co.kr//Recruit/GI_Read/34238863?Oem_Code=C1&logpath=1
"IT분야(Web, 모바일, RPA, MSA, 메신저) PM/PL, 분석/설계자, 개발자 채용",㈜비즈테크파트너스,https://www.jobkorea.co.kr//Recruit/GI_Read/34237058?Oem_Code=C1&logpath=1
[펑타이코리아] Scripter,펑타이그레이터차이나(유),https://www.jobkorea.co.kr//Recruit/GI_Read/34234381?Oem_Code=C1&logpath=1
무스마 21년 상반기 경력직 채용(서울),㈜무스마,https://www.jobkorea.co.kr//Recruit/GI_Read/34232376?Oem_Code=C1&logpath=1
배달 플랫폼 프론트엔드 개발자 모집,오투오리퍼블릭,https://www.jobkorea.co.kr//Recruit/GI_Read/34232066?Oem_Code=C1&logpath=1
front-end(프론트엔드) 개발자 채용,위잉,https://www.jobkorea.co.kr//Recruit/GI_Read/34229139?Oem_Code=C1&logpath=1
Web Front-end (프론트엔드/Angular) / Java 개발자 모집 [ Smart Factory ],㈜커넥트시스템,https://www.jobkorea.co.kr//Recruit/GI_Read/34219106?Oem_Code=C1&logpath=1
[메디블록] 분야별 개발자 영입 (Android/iOS/서버/블록체인),메디블록,https://www.jobkorea.co.kr//Recruit/GI_Read/34218938?Oem_Code=C1&logpath=1
[재택근무] 자사 웹플랫폼 경력 개발팀원 모집,푸르고(PURGO),https://www.jobkorea.co.kr//Recruit/GI_Read/34216124?Oem_Code=C1&logpath=1
[펑타이코리아] Front-End 개발자,펑타이그레이터차이나(유),https://www.jobkorea.co.kr//Recruit/GI_Read/34214480?Oem_Code=C1&logpath=1
로봇 관제 front UI 개발자 채용,클로봇,https://www.jobkorea.co.kr//Recruit/GI_Read/34214382?Oem_Code=C1&logpath=1
프론트엔드 경력 모집,㈜에이치나인,https://www.jobkorea.co.kr//Recruit/GI_Read/34211026?Oem_Code=C1&logpath=1
Front-End 개발자 및 웹퍼블리셔 (경력직),㈜과탑,https://www.jobkorea.co.kr//Recruit/GI_Read/34209281?Oem_Code=C1&logpath=1
Node.JS 웹개발자 채용,㈜테크노블러드코리아,https://www.jobkorea.co.kr//Recruit/GI_Read/34204942?Oem_Code=C1&logpath=1
[JAVA/SPRING] 웹개발 프로그래머/엔지니어 채용,㈜자이언트네트워크그룹,https://www.jobkorea.co.kr//Recruit/GI_Read/34204281?Oem_Code=C1&logpath=1
"[대규모 공채] 웹 개발 / 앱 개발 / DBA 관리자 / UI·UX디자이너 / 기획MD / 영업 MD / 마케팅 / 경리 신입,경력",믹스디㈜,https://www.jobkorea.co.kr//Recruit/GI_Read/34201789?Oem_Code=C1&logpath=1
(주) 아이팩토리 앱 개발자 채용,㈜아이팩토리,https://www.jobkorea.co.kr//Recruit/GI_Read/34201658?Oem_Code=C1&logpath=1
"FT LAB에서 파이썬, 웹 어플리케이션 개발자 채용합니다.",㈜바이브컴퍼니,https://www.jobkorea.co.kr//Recruit/GI_Read/34194617?Oem_Code=C1&logpath=1
"nodejs 백엔드 개발자 경력자 채용(주5일,6시간근무, 중식제공)",웨인힐스벤처스,https://www.jobkorea.co.kr//Recruit/GI_Read/34188193?Oem_Code=C1&logpath=1
[마이크로프트] 백엔드/프론트엔드 개발자 채용,마이크로프트,https://www.jobkorea.co.kr//Recruit/GI_Read/34188140?Oem_Code=C1&logpath=1
외국계 스타트업 마케터 및 개발자 채용,포스처360,https://www.jobkorea.co.kr//Recruit/GI_Read/34185149?Oem_Code=C1&logpath=1
모빌리티 서비스 신입 백엔드 개발자 채용(Node.js),㈜머케인,https://www.jobkorea.co.kr//Recruit/GI_Read/34183795?Oem_Code=C1&logpath=1
프로그래머 모집(어플리케이션 개발자 또는 웹개발자),㈜오너클랜,https://www.jobkorea.co.kr//Recruit/GI_Read/34175708?Oem_Code=C1&logpath=1
(웹 개발자/웹기획)  경력직 채용,㈜제주도닷컴,https://www.jobkorea.co.kr//Recruit/GI_Read/34173730?Oem_Code=C1&logpath=1
[ XELAN 채용 ] React native 개발자를 모십니다,㈜셀앤,https://www.jobkorea.co.kr//Recruit/GI_Read/34167737?Oem_Code=C1&logpath=1
딥러닝 MLOps 프론트엔드 개발자 모집,㈜써로마인드,https://www.jobkorea.co.kr//Recruit/GI_Read/34167211?Oem_Code=C1&logpath=1
[엘리스] 프론트엔드 개발자 (Frontend Software Engineer/산업기능요원 보충역/전문연구요원 지원가능),엘리스,https://www.jobkorea.co.kr//Recruit/GI_Read/34164353?Oem_Code=C1&logpath=1
앱서비스 클라이언트 개발자 모집(신입 및 경력),㈜지니프릭스,https://www.jobkorea.co.kr//Recruit/GI_Read/34162142?Oem_Code=C1&logpath=1
심플리오 백엔드 개발자 채용,심플리오,https://www.jobkorea.co.kr//Recruit/GI_Read/34161624?Oem_Code=C1&logpath=1
React Native 앱 개발 팀장 모집합니다.,㈜김치빌리아드,https://www.jobkorea.co.kr//Recruit/GI_Read/34157471?Oem_Code=C1&logpath=1
[핀테크/파운트] 프론트엔드 엔지니어 채용 (경력),Fount,https://www.jobkorea.co.kr//Recruit/GI_Read/34147901?Oem_Code=C1&logpath=1
프론트엔드 개발자,㈜밀리의서재,https://www.jobkorea.co.kr//Recruit/GI_Read/34136485?Oem_Code=C1&logpath=1
[일본상장기업] 광고/미디어 계열 자사 서비스 Java엔지니어 모집 (평균잔업 5시간 이하),㈜엘트리,https://www.jobkorea.co.kr//Recruit/GI_Read/34135427?Oem_Code=C1&logpath=1
개발 경력 모집,SSG.COM,https://www.jobkorea.co.kr//Recruit/GI_Read/34134750?Oem_Code=C1&logpath=1
[워키도기] React Native Engineer 모집,㈜워키도기,https://www.jobkorea.co.kr//Recruit/GI_Read/34131412?Oem_Code=C1&logpath=1
[코인플러그] 개발자 및 IT운영관리자 모집,㈜코인플러그,https://www.jobkorea.co.kr//Recruit/GI_Read/34129334?Oem_Code=C1&logpath=1
신입 개발 모집(채용연계형 인턴십),㈜인공지능연구원,https://www.jobkorea.co.kr//Recruit/GI_Read/34124934?Oem_Code=C1&logpath=1
백엔드 서비스 개발,㈜멋쟁이사자처럼,https://www.jobkorea.co.kr//Recruit/GI_Read/34123753?Oem_Code=C1&logpath=1
"프론트 및 백엔드, 파이썬 개발자 경력자 채용(주5일,6시간근무)",웨인힐스벤처스,https://www.jobkorea.co.kr//Recruit/GI_Read/34122259?Oem_Code=C1&logpath=1
개발자 신입 및 경력사원 모집,㈜뉴데이타,https://www.jobkorea.co.kr//Recruit/GI_Read/34120549?Oem_Code=C1&logpath=1
[증강현실] 웹 프론트엔드 경력 채용,㈜맥스트,https://www.jobkorea.co.kr//Recruit/GI_Read/34119555?Oem_Code=C1&logpath=1
프론트엔드 개발자 / Frontend Developer,주식회사 클래스101,https://www.jobkorea.co.kr//Recruit/GI_Read/34105613?Oem_Code=C1&logpath=1
Web 개발자 채용합니다.(경력3년이상),㈜코스코인터케어,https://www.jobkorea.co.kr//Recruit/GI_Read/34116439?Oem_Code=C1&logpath=1
리액트 웹 프론트엔드 개발자 모집,버츄어라이브,https://www.jobkorea.co.kr//Recruit/GI_Read/34112087?Oem_Code=C1&logpath=1
React 기반 웹 프론트엔드 개발자 (계약직) 채용,아모레퍼시픽,https://www.jobkorea.co.kr//Recruit/GI_Read/34104655?Oem_Code=C1&logpath=1
(경력채용) 백엔드 개발자(PHP / Node.js) / 프론트엔드 개발자 / 웹개발자,믹스디㈜,https://www.jobkorea.co.kr//Recruit/GI_Read/34104338?Oem_Code=C1&logpath=1
[스냅스2021] 각 부문 경력직 채용,㈜스냅스,https://www.jobkorea.co.kr//Recruit/GI_Read/34103804?Oem_Code=C1&logpath=1
[반려생활] 반려동물 스타트업에서 react-native 개발자를 모십니다.,반려생활,https://www.jobkorea.co.kr//Recruit/GI_Read/34101847?Oem_Code=C1&logpath=1
React-native 리액트 네이티브 모바일 앱 개발자 정규직,아이티에너지(IT Energy),https://www.jobkorea.co.kr//Recruit/GI_Read/34101586?Oem_Code=C1&logpath=1
[인공지능/OTT] 풀스택 개발자 모집 (경력/정규직),리플에이아이,https://www.jobkorea.co.kr//Recruit/GI_Read/34097174?Oem_Code=C1&logpath=1
크로스플랫폼 사용(React 또는 Ionic)한 앱 개발자 채용,㈜루티헬스,https://www.jobkorea.co.kr//Recruit/GI_Read/34097099?Oem_Code=C1&logpath=1
협업메신저 프론트엔드 웹개발 경력사원 채용 공고,㈜새롬정보시스템,https://www.jobkorea.co.kr//Recruit/GI_Read/34095920?Oem_Code=C1&logpath=1
웹프로그래머 - 리엑트(React) 개발자 채용 공고,㈜무른모,https://www.jobkorea.co.kr//Recruit/GI_Read/34095125?Oem_Code=C1&logpath=1
"[그룹웨어]웹개발자, UI/UX디자이너 경력직 채용",㈜이진시스템,https://www.jobkorea.co.kr//Recruit/GI_Read/34090504?Oem_Code=C1&logpath=1
"React Native, Python Django 개발자 구인",㈜김치빌리아드,https://www.jobkorea.co.kr//Recruit/GI_Read/34090303?Oem_Code=C1&logpath=1
[제주] 퍼블리셔 / 프론트엔드개발자 경력 채용(정규직),㈜CS,https://www.jobkorea.co.kr//Recruit/GI_Read/34085091?Oem_Code=C1&logpath=1
백엔드 개발자 모십니다,유니유니,https://www.jobkorea.co.kr//Recruit/GI_Read/34082588?Oem_Code=C1&logpath=1
[모바일 게임 회사] 서버 프로그래머 모집,Gameduo,https://www.jobkorea.co.kr//Recruit/GI_Read/34071001?Oem_Code=C1&logpath=1
프론트엔드 개발자 (React),㈜엔터플,https://www.jobkorea.co.kr//Recruit/GI_Read/34062413?Oem_Code=C1&logpath=1
하이브리드 앱/프론트엔드 웹 개발자 모집,㈜에덴룩스,https://www.jobkorea.co.kr//Recruit/GI_Read/34059626?Oem_Code=C1&logpath=1
"웹개발자 정규직 모집: 프론트엔드 (React, JavaScript, Node.js)",㈜나우코딩,https://www.jobkorea.co.kr//Recruit/GI_Read/34057603?Oem_Code=C1&logpath=1
여행사 프론트 개발자(VUE 필수) 경력 3년이상,㈜암펠,https://www.jobkorea.co.kr//Recruit/GI_Read/34056154?Oem_Code=C1&logpath=1
웹 개발 신입 및 경력 채용,BNF테크놀로지㈜,https://www.jobkorea.co.kr//Recruit/GI_Read/34054183?Oem_Code=C1&logpath=1
프리오더 커머스 `디코드`에서 웹 프론트엔드 개발자를 찾습니다,㈜엔코드,https://www.jobkorea.co.kr//Recruit/GI_Read/34050744?Oem_Code=C1&logpath=1
인슈어테크 Frontend 개발자 채용 (프리랜서),스몰티켓,https://www.jobkorea.co.kr//Recruit/GI_Read/34049049?Oem_Code=C1&logpath=1
[SUPERTREE] Software Engineer Front-end & Back-end,㈜수퍼트리,https://www.jobkorea.co.kr//Recruit/GI_Read/34048208?Oem_Code=C1&logpath=1
[ICONLOOP] Web Client/ Back-end Server 개발자 모집,㈜아이콘루프,https://www.jobkorea.co.kr//Recruit/GI_Read/34043629?Oem_Code=C1&logpath=1
서비스개발팀 프론트엔드 경력자(3년 이상) 모집,데이터블,https://www.jobkorea.co.kr//Recruit/GI_Read/34041915?Oem_Code=C1&logpath=1
프론트엔드 (경력3년 이상) 채용,㈜웹툰샵,https://www.jobkorea.co.kr//Recruit/GI_Read/34036667?Oem_Code=C1&logpath=1
[경력 무관] Front End 개발자 모십니다.,㈜조인트리,https://www.jobkorea.co.kr//Recruit/GI_Read/34035166?Oem_Code=C1&logpath=1
React Native 기반 핀테크 모바일앱 개발자분을 구합니다.,에스비씨엔,https://www.jobkorea.co.kr//Recruit/GI_Read/34032992?Oem_Code=C1&logpath=1
[메가존클라우드] Developer & Designer 채용,메가존클라우드㈜,https://www.jobkorea.co.kr//Recruit/GI_Read/33971264?Oem_Code=C1&logpath=1
"웹 개발자 채용 (전문연구요원 전직 가능) React js , Node js",㈜창소프트아이앤아이,https://www.jobkorea.co.kr//Recruit/GI_Read/34019952?Oem_Code=C1&logpath=1
Backend 경력자 채용,㈜김종학프로덕션,https://www.jobkorea.co.kr//Recruit/GI_Read/34017157?Oem_Code=C1&logpath=1
Frontend 경력자 채용,㈜김종학프로덕션,https://www.jobkorea.co.kr//Recruit/GI_Read/34017043?Oem_Code=C1&logpath=1
Frontend 경력자 채용,레드선,https://www.jobkorea.co.kr//Recruit/GI_Read/34008449?Oem_Code=C1&logpath=1
Backend 경력자 채용,레드선,https://www.jobkorea.co.kr//Recruit/GI_Read/34008162?Oem_Code=C1&logpath=1
[React.JS]코레토와 함께할 웹 프론트엔드 개발자를 모십니다.,㈜코레토,https://www.jobkorea.co.kr//Recruit/GI_Read/34001451?Oem_Code=C1&logpath=1
(주)플럭시티 3D 개발자 경력/신입 채용,㈜플럭시티,https://www.jobkorea.co.kr//Recruit/GI_Read/33996636?Oem_Code=C1&logpath=1
[파킹클라우드]연구소 부문별 채용,파킹클라우드 ㈜,https://www.jobkorea.co.kr//Recruit/GI_Read/33983467?Oem_Code=C1&logpath=1
Node.js 개발자 모집,오션스㈜,https://www.jobkorea.co.kr//Recruit/GI_Read/33981102?Oem_Code=C1&logpath=1
인슈어테크 Frontend 개발자 채용 (경력 3년 이상),스몰티켓,https://www.jobkorea.co.kr//Recruit/GI_Read/33973086?Oem_Code=C1&logpath=1
[설로인] 프론트엔드 개발자 채용,설로인㈜,https://www.jobkorea.co.kr//Recruit/GI_Read/33968879?Oem_Code=C1&logpath=1
테스트웍스 개발자 정규직 경력 채용 (Senior/Junior),㈜테스트웍스,https://www.jobkorea.co.kr//Recruit/GI_Read/33967815?Oem_Code=C1&logpath=1
백엔드 개발자 채용,㈜모라니크,https://www.jobkorea.co.kr//Recruit/GI_Read/33965646?Oem_Code=C1&logpath=1
프론트 개발자 채용,㈜모라니크,https://www.jobkorea.co.kr//Recruit/GI_Read/33965534?Oem_Code=C1&logpath=1
연합시스템 IT팀 2차 모집 공고,㈜연합시스템,https://www.jobkorea.co.kr//Recruit/GI_Read/33955142?Oem_Code=C1&logpath=1
"백엔드, 프론트엔드,안드로이드,아이폰 개발자 채용",㈜에스티디,https://www.jobkorea.co.kr//Recruit/GI_Read/33941117?Oem_Code=C1&logpath=1
웹개발(Front-End) 채용,㈜레몬헬스케어,https://www.jobkorea.co.kr//Recruit/GI_Read/33944198?Oem_Code=C1&logpath=1
웹개발 / 앱개발 / 인프라 담당 대규모 채용,㈜레몬헬스케어,https://www.jobkorea.co.kr//Recruit/GI_Read/33944029?Oem_Code=C1&logpath=1
프론트엔드 개발자 모십니다.,㈜굿즈컴퍼니,https://www.jobkorea.co.kr//Recruit/GI_Read/33942449?Oem_Code=C1&logpath=1
키즈노트 프론트엔드 개발자 모집(경력직),㈜키즈노트,https://www.jobkorea.co.kr//Recruit/GI_Read/33935479?Oem_Code=C1&logpath=1
ReactJS 프론트엔드 엔지니어 채용,㈜비메이커스,https://www.jobkorea.co.kr//Recruit/GI_Read/33926107?Oem_Code=C1&logpath=1
글로벌 플랫폼 프론트엔드 개발자,㈜원더피플,https://www.jobkorea.co.kr//Recruit/GI_Read/33919714?Oem_Code=C1&logpath=1
[코드라이언] 프로그래밍 강사모집(프리랜서),㈜멋쟁이사자처럼,https://www.jobkorea.co.kr//Recruit/GI_Read/33910053?Oem_Code=C1&logpath=1
Frontend 개발자 채용,㈜한국금융솔루션,https://www.jobkorea.co.kr//Recruit/GI_Read/33902144?Oem_Code=C1&logpath=1
주식회사 드림메이커 React FrontEnd Developer 채용,㈜드림메이커,https://www.jobkorea.co.kr//Recruit/GI_Read/33894361?Oem_Code=C1&logpath=1
Java/Javascript 개발자 채용,㈜인포지아,https://www.jobkorea.co.kr//Recruit/GI_Read/33887001?Oem_Code=C1&logpath=1
"[예스케어시스템즈] 프론트엔드 개발자(React, Javascript) 채용",예스케어시스템즈㈜,https://www.jobkorea.co.kr//Recruit/GI_Read/33882745?Oem_Code=C1&logpath=1
[예스케어시스템즈] JAVA 백앤드 개발자 채용,예스케어시스템즈㈜,https://www.jobkorea.co.kr//Recruit/GI_Read/33882532?Oem_Code=C1&logpath=1
[블록체인] Defi 차익거래를 위한 스마트 컨트랙트 개발자 모십니다,㈜백두테크놀로지스,https://www.jobkorea.co.kr//Recruit/GI_Read/33875945?Oem_Code=C1&logpath=1
Front-end 개발자(경력),앨리스헬스케어,https://www.jobkorea.co.kr//Recruit/GI_Read/33875512?Oem_Code=C1&logpath=1
Back-end 개발자(경력),앨리스헬스케어,https://www.jobkorea.co.kr//Recruit/GI_Read/33875504?Oem_Code=C1&logpath=1
"[일본 도쿄 근무] 백엔드 개발자, 데이터베이스 관리 경험자 구인",㈜비코스 코리아,https://www.jobkorea.co.kr//Recruit/GI_Read/33874244?Oem_Code=C1&logpath=1
클라우드 전문기업 이노그리드 2021년 상반기 공개채용(신입/경력),이노그리드,https://www.jobkorea.co.kr//Recruit/GI_Read/33863041?Oem_Code=C1&logpath=1
아이디랩스 웹 기획/디자인/개발 경력직채용 UI/UX/PM,아이디랩스,https://www.jobkorea.co.kr//Recruit/GI_Read/33837449?Oem_Code=C1&logpath=1
[마이발렛] 프론트엔드 개발자 채용,마이발렛,https://www.jobkorea.co.kr//Recruit/GI_Read/33836730?Oem_Code=C1&logpath=1
서버개발자 경력 채용 - 에듀테크 스타트업 오누이,주식회사 오누이,https://www.jobkorea.co.kr//Recruit/GI_Read/33832908?Oem_Code=C1&logpath=1
경력 정규/프리랜서 프론트엔드 개발자 채용,㈜앵커스,https://www.jobkorea.co.kr//Recruit/GI_Read/33829948?Oem_Code=C1&logpath=1
"개발자(웹개발, 미들웨어 개발) 경력직 모집",람다256,https://www.jobkorea.co.kr//Recruit/GI_Read/33795649?Oem_Code=C1&logpath=1
프론트엔드 백엔드 개발자님을 모십니다.,제노임펙트,https://www.jobkorea.co.kr//Recruit/GI_Read/33793682?Oem_Code=C1&logpath=1
"앱개발 엔지니어 신입,경력직 채용",㈜키페어,https://www.jobkorea.co.kr//Recruit/GI_Read/33786989?Oem_Code=C1&logpath=1
KST모빌리티 웹앱 개발자 채용,케이에스티모빌리티,https://www.jobkorea.co.kr//Recruit/GI_Read/33779571?Oem_Code=C1&logpath=1
웹 개발자  모십니다,"㈜미띵스(methinks Co.,Ltd)",https://www.jobkorea.co.kr//Recruit/GI_Read/33777058?Oem_Code=C1&logpath=1
DS GROUP [모바일앱 사업부] 백엔드 서버 개발자 경력 채용,㈜드림커머스,https://www.jobkorea.co.kr//Recruit/GI_Read/33770572?Oem_Code=C1&logpath=1
DS GROUP [모바일앱 사업부] 리액트(React) / 리액트 네이티브(React Native) 개발자 경력 채용,㈜드림커머스,https://www.jobkorea.co.kr//Recruit/GI_Read/33770495?Oem_Code=C1&logpath=1
앱 개발자(React Native) 경력직 채용 공고,지바이크,https://www.jobkorea.co.kr//Recruit/GI_Read/33762453?Oem_Code=C1&logpath=1
[정규직] 퍼블리셔 / 프론트엔드 개발자 채용,제이카,https://www.jobkorea.co.kr//Recruit/GI_Read/33752518?Oem_Code=C1&logpath=1
Front-End 개발 3년 경력 이상,기린아이㈜,https://www.jobkorea.co.kr//Recruit/GI_Read/33737293?Oem_Code=C1&logpath=1
웹 프로그래머 모집,데브캣,https://www.jobkorea.co.kr//Recruit/GI_Read/33748587?Oem_Code=C1&logpath=1
Front-End 개발자 모집,㈜카비,https://www.jobkorea.co.kr//Recruit/GI_Read/33747211?Oem_Code=C1&logpath=1
[우리집은도서관] 클라이언트 개발자 채용,스파이더랩,https://www.jobkorea.co.kr//Recruit/GI_Read/33745969?Oem_Code=C1&logpath=1
Front End 개발자,티에프에이아이솔루션스,https://www.jobkorea.co.kr//Recruit/GI_Read/33745112?Oem_Code=C1&logpath=1
(경력채용) 프론트엔드 개발자 / 웹개발 모바일 개발 React 개발,믹스디㈜,https://www.jobkorea.co.kr//Recruit/GI_Read/33733513?Oem_Code=C1&logpath=1
[제주] Java 웹개발자 / 프론트엔드 개발자 / 서버 네트워크 엔지니어 / 웹디자이너,㈜CS,https://www.jobkorea.co.kr//Recruit/GI_Read/33728119?Oem_Code=C1&logpath=1
[꽃팜] 프론트엔드 개발자,㈜꽃팜,https://www.jobkorea.co.kr//Recruit/GI_Read/33707297?Oem_Code=C1&logpath=1
[게임/스포츠/미디어] 기획/PM/디자이너/프론트엔드/백엔드 상반기 채용. (트위치 픽앤고 개발사),아레나캐스트㈜,https://www.jobkorea.co.kr//Recruit/GI_Read/33700787?Oem_Code=C1&logpath=1
엠투웬티 웹 프론트 개발자 채용(신입/경력),엠투웬티,https://www.jobkorea.co.kr//Recruit/GI_Read/33695509?Oem_Code=C1&logpath=1
(주)밍글링 FE(프론트엔드) 개발자 채용,밍글링,https://www.jobkorea.co.kr//Recruit/GI_Read/33685258?Oem_Code=C1&logpath=1
IT개발사 넥스트컬쳐 2021 신입 및 경력 상시채용,넥스트컬쳐,https://www.jobkorea.co.kr//Recruit/GI_Read/33659233?Oem_Code=C1&logpath=1
Frontend 개발자 경력 채용,파마웍스,https://www.jobkorea.co.kr//Recruit/GI_Read/33651427?Oem_Code=C1&logpath=1
Backend 개발자 경력 채용,파마웍스,https://www.jobkorea.co.kr//Recruit/GI_Read/33651361?Oem_Code=C1&logpath=1
iOS/Android App React Native 프론트엔드 개발자 채용,㈜에스에이치에스테크,https://www.jobkorea.co.kr//Recruit/GI_Read/33648517?Oem_Code=C1&logpath=1
프론트(웹/앱) 개발자 경력사원 채용공고,㈜제이와이지,https://www.jobkorea.co.kr//Recruit/GI_Read/33643137?Oem_Code=C1&logpath=1
풀스택 웹 개발자 채용,마이플래닛,https://www.jobkorea.co.kr//Recruit/GI_Read/33642313?Oem_Code=C1&logpath=1
프론트엔드 (웹) 개발자,㈜토이스미스,https://www.jobkorea.co.kr//Recruit/GI_Read/33604983?Oem_Code=C1&logpath=1
JAVA 개발자 (Front-end),㈜유핀테크허브,https://www.jobkorea.co.kr//Recruit/GI_Read/33586179?Oem_Code=C1&logpath=1
(주)SJH-Studio 클라이언트(하이브리드 앱) 개발자 채용,에스제이에이치스튜디오,https://www.jobkorea.co.kr//Recruit/GI_Read/33581647?Oem_Code=C1&logpath=1
React.js 개발자 채용,헤이드컴퍼,https://www.jobkorea.co.kr//Recruit/GI_Read/33570559?Oem_Code=C1&logpath=1
"[AI 클라우드] 대전 연구소 개발자 모집 (react, node.js, mongodb, javascript, git)",㈜에이아이댑스,https://www.jobkorea.co.kr//Recruit/GI_Read/34310015?Oem_Code=C1&logpath=1
"[플레이오토] 개발자 채용(신입, 경력, 보충역)",㈜플레이오토,https://www.jobkorea.co.kr//Recruit/GI_Read/34305382?Oem_Code=C1&logpath=1
"웹 프론트엔드 리액트 개발자 (React, Reactnative) 채용",블루펫,https://www.jobkorea.co.kr//Recruit/GI_Read/34301537?Oem_Code=C1&logpath=1
"웹개발(프론트엔드, HTML, Javascript) 프리랜서 모집",아틸런㈜,https://www.jobkorea.co.kr//Recruit/GI_Read/34278116?Oem_Code=C1&logpath=1
[코리아폴리스쿨] IT사업본부 부문별 직원 채용 공고(수정),㈜코리아폴리스쿨,https://www.jobkorea.co.kr//Recruit/GI_Read/34275747?Oem_Code=C1&logpath=1
"Back-end, MySQL 개발자 정규직 채용",㈜인디제이,https://www.jobkorea.co.kr//Recruit/GI_Read/34247960?Oem_Code=C1&logpath=1
[물류플랫폼] 풀스택(Full-stack) 개발자채용 (인천거주자),심플로지스,https://www.jobkorea.co.kr//Recruit/GI_Read/34247886?Oem_Code=C1&logpath=1
프론트엔드 개발자(신입/경력),㈜플랜잇헬스케어,https://www.jobkorea.co.kr//Recruit/GI_Read/34243133?Oem_Code=C1&logpath=1
[협업툴] FE개발/BE개발/마크업/마케팅/세일즈/정부사업 등,㈜콜라비팀,https://www.jobkorea.co.kr//Recruit/GI_Read/34233293?Oem_Code=C1&logpath=1
프론트엔드 개발자(React/ React-native),㈜젤리스페이스,https://www.jobkorea.co.kr//Recruit/GI_Read/34188777?Oem_Code=C1&logpath=1
백엔드 개발자(경력),㈜젤리스페이스,https://www.jobkorea.co.kr//Recruit/GI_Read/34188672?Oem_Code=C1&logpath=1
[코리아폴리스쿨] AI개발 부문별 직원 채용 공고,㈜코리아폴리스쿨,https://www.jobkorea.co.kr//Recruit/GI_Read/34120662?Oem_Code=C1&logpath=1
[마포구] 풀스택TypescriptSW개발자,ㅇㅇㅇㅇ,https://www.jobkorea.co.kr//Recruit/GI_Read/33889205?PageGbn=HH&logpath=1
[대기업/그룹사] UI 개발자,대기업 계열사·자회사,https://www.jobkorea.co.kr//Recruit/GI_Read/34306346?PageGbn=HH&logpath=1
[드라이빙 데이터 관련기업] Front-End 개발자(2년-),카비,https://www.jobkorea.co.kr//Recruit/GI_Read/34287961?PageGbn=HH&logpath=1
[대기업/그룹사]UI 개발자,대기업 계열사·자회사,https://www.jobkorea.co.kr//Recruit/GI_Read/34277833?PageGbn=HH&logpath=1
[드라이빙 데이터 관련기업] Front-End 개발자 채용(2년-),카비,https://www.jobkorea.co.kr//Recruit/GI_Read/34271324?PageGbn=HH&logpath=1
[아마존판매 1위 기업 ] 프론트엔드 개발자,중소기업(300명이하),https://www.jobkorea.co.kr//Recruit/GI_Read/34269374?PageGbn=HH&logpath=1
[제조/기계/중견기업] AWS 클라우드 기반 IoT 플랫폼 개발(5년 이상),중견기업(300명이상),https://www.jobkorea.co.kr//Recruit/GI_Read/34257203?PageGbn=HH&logpath=1
[아마존판매 1위 기업 ] 백엔드 개발자,중소기업(300명이하),https://www.jobkorea.co.kr//Recruit/GI_Read/34207403?PageGbn=HH&logpath=1
프론트엔드 개발 경력자 채용(에듀테크 스타트업),벤처기업,https://www.jobkorea.co.kr//Recruit/GI_Read/34147161?PageGbn=HH&logpath=1
백엔드 서버 개발자 (정규직),중소기업(300명이하),https://www.jobkorea.co.kr//Recruit/GI_Read/34141439?PageGbn=HH&logpath=1
[유명 스타트업] AI Frontend 개발자 채용,중견기업(300명이상),https://www.jobkorea.co.kr//Recruit/GI_Read/33905675?PageGbn=HH&logpath=1
[유명 스타트업] Senior Frontend Engineer,중견기업(300명이상),https://www.jobkorea.co.kr//Recruit/GI_Read/33905663?PageGbn=HH&logpath=1
[유명 스타트업]Senior Frontend Engineer,중견기업(300명이상),https://www.jobkorea.co.kr//Recruit/GI_Read/33842536?PageGbn=HH&logpath=1
[유명 이커머스기업] Frontend 개발,대기업 계열사·자회사,https://www.jobkorea.co.kr//Recruit/GI_Read/33709746?PageGbn=HH&logpath=1
"(국내 어학원,교육 프로그램 개발 중견기업) JAVA/솔루션/플랫폼기획/서비스기획/빅데이터/인공지능",중견기업(300명이상),https://www.jobkorea.co.kr//Recruit/GI_Read/34319212?PageGbn=HH&logpath=1
"IT 스타트업 - Front End Developer, 개발자",외국계 기업,https://www.jobkorea.co.kr//Recruit/GI_Read/34318749?PageGbn=HH&logpath=1
[디자인회사]프론트엔드 개발 경력 채용.,중소기업(300명이하),https://www.jobkorea.co.kr//Recruit/GI_Read/34318656?PageGbn=HH&logpath=1
[IT 중견기업] Front End 개발자 채용/경력3년이상,중견기업(300명이상),https://www.jobkorea.co.kr//Recruit/GI_Read/34316181?PageGbn=HH&logpath=1
[디자인회사]프론트엔드 개발자 포지션 제안.,중소기업(300명이하),https://www.jobkorea.co.kr//Recruit/GI_Read/34309442?PageGbn=HH&logpath=1
글로벌 온라인 게임회사 Game Platform Frontend,중소기업(300명이하),https://www.jobkorea.co.kr//Recruit/GI_Read/34309420?PageGbn=HH&logpath=1
[헤딩/(주)메디에이지]백엔드/프론트엔드 개발자(대리/과장),중소기업(300명이하),https://www.jobkorea.co.kr//Recruit/GI_Read/34304319?PageGbn=HH&logpath=1
05. [유명IT기업 프론트엔드 개발,대기업,https://www.jobkorea.co.kr//Recruit/GI_Read/34303254?PageGbn=HH&logpath=1
[우량 IT기업] 프론트엔드 개발자 채용/경력3년이상,중견기업(300명이상),https://www.jobkorea.co.kr//Recruit/GI_Read/34303059?PageGbn=HH&logpath=1
어플리케이션 개발 또는 웹사이트 제작(개발자) 사원-과장급 채용,중소기업(300명이하),https://www.jobkorea.co.kr//Recruit/GI_Read/34298535?PageGbn=HH&logpath=1
[글로벌/IT/개발자] Front End Developer (search),벤처기업,https://www.jobkorea.co.kr//Recruit/GI_Read/34297252?PageGbn=HH&logpath=1
[글로벌/IT/개발자] Front End Developer (commerce),중소기업(300명이하),https://www.jobkorea.co.kr//Recruit/GI_Read/34297152?PageGbn=HH&logpath=1
[디자인회사]프론트엔드 개발자 모집 공고.,중소기업(300명이하),https://www.jobkorea.co.kr//Recruit/GI_Read/34283943?PageGbn=HH&logpath=1
[벤처기업] 금융 IT : 프론트 엔드 개발 (주임-대리급),벤처기업,https://www.jobkorea.co.kr//Recruit/GI_Read/34283662?PageGbn=HH&logpath=1
[벤처기업] 금융 IT : 프론트 엔드 개발 (사원급),벤처기업,https://www.jobkorea.co.kr//Recruit/GI_Read/34283659?PageGbn=HH&logpath=1
"모빌리티 플랫폼운송 전문기업 [프론트엔드 개발 (반응형 Web 사이트 개발) - 경력 3년 이상, 삼성동 ]",중소기업(300명이하),https://www.jobkorea.co.kr//Recruit/GI_Read/34283178?PageGbn=HH&logpath=1
"콘텐츠 전문기업, 이커머스 프론트엔드 개발 경력자 모집",벤처기업,https://www.jobkorea.co.kr//Recruit/GI_Read/34281995?PageGbn=HH&logpath=1
[IT 중견기업] Front End 개발 경력직 모집,중견기업(300명이상),https://www.jobkorea.co.kr//Recruit/GI_Read/34272874?PageGbn=HH&logpath=1
16. 프론트 엔지니어,대기업,https://www.jobkorea.co.kr//Recruit/GI_Read/34272636?PageGbn=HH&logpath=1
[React Native 앱 개발자] 국내 유명 에듀테크 플랫폼,벤처기업,https://www.jobkorea.co.kr//Recruit/GI_Read/34267012?PageGbn=HH&logpath=1
[실리콘밸리 8년차 벤처] 실내 공기 측정기 개발사 프론트 개발자 모집,벤처기업,https://www.jobkorea.co.kr//Recruit/GI_Read/34266183?PageGbn=HH&logpath=1
[핀테크 스타트업] 프론트개발 모집,중소기업(300명이하),https://www.jobkorea.co.kr//Recruit/GI_Read/34266091?PageGbn=HH&logpath=1
[디자인회사]프론트엔드 개발자 모집.,중소기업(300명이하),https://www.jobkorea.co.kr//Recruit/GI_Read/34264647?PageGbn=HH&logpath=1
모바일 서비스 Platform 및 운영 시스템 개발,중소기업(300명이하),https://www.jobkorea.co.kr//Recruit/GI_Read/34262236?PageGbn=HH&logpath=1
[코스닥상장 IT기업] 프론트엔드 개발 채용/경력 3년 이상,중견기업(300명이상),https://www.jobkorea.co.kr//Recruit/GI_Read/34261159?PageGbn=HH&logpath=1
블록체인 관련 연구/개발,(주)미디움,https://www.jobkorea.co.kr//Recruit/GI_Read/34257737?PageGbn=HH&logpath=1
[디자인회사]프론트엔드 개발자 채용 공고.,중소기업(300명이하),https://www.jobkorea.co.kr//Recruit/GI_Read/34240121?PageGbn=HH&logpath=1
프론트엔드 개발,중소기업(300명이하),https://www.jobkorea.co.kr//Recruit/GI_Read/34226179?PageGbn=HH&logpath=1
핀테크 스타트업 프론트개발 모집,중소기업(300명이하),https://www.jobkorea.co.kr//Recruit/GI_Read/34225007?PageGbn=HH&logpath=1
"금융대기업 - AI(머신러닝,딥러닝, 분산처리) 모델링 플랫폼 연구개발",대기업,https://www.jobkorea.co.kr//Recruit/GI_Read/34219587?PageGbn=HH&logpath=1
[디자인회사]프론트엔드 개발자 채용.,중소기업(300명이하),https://www.jobkorea.co.kr//Recruit/GI_Read/34217447?PageGbn=HH&logpath=1
[미국본사/서울근무]IoT기반 제품 개발자(프론트/백엔드/iOS),벤처기업,https://www.jobkorea.co.kr//Recruit/GI_Read/34213377?PageGbn=HH&logpath=1
[에듀테크 플랫폼 기업] 프론트엔드 개발자,중소기업(300명이하),https://www.jobkorea.co.kr//Recruit/GI_Read/34212980?PageGbn=HH&logpath=1
[국내 가상자산거래소 기업] 프론트엔드 개발자,중소기업(300명이하),https://www.jobkorea.co.kr//Recruit/GI_Read/34212467?PageGbn=HH&logpath=1
[디자인회사]프론트엔드 개발자 채용 공고,중소기업(300명이하),https://www.jobkorea.co.kr//Recruit/GI_Read/34212092?PageGbn=HH&logpath=1
금융플랫폼 핀테크사 프론트엔드 개발자,벤처기업,https://www.jobkorea.co.kr//Recruit/GI_Read/34210419?PageGbn=HH&logpath=1
06.프론트 엔지니어,대기업,https://www.jobkorea.co.kr//Recruit/GI_Read/34209080?PageGbn=HH&logpath=1
05. [유명 게임 개발사] 프론트엔드 프로그래머,중견기업(300명이상),https://www.jobkorea.co.kr//Recruit/GI_Read/34191082?PageGbn=HH&logpath=1
실리콘밸리 벤처 실내 공기 측정기 개발사 프론트 개발,중소기업(300명이하),https://www.jobkorea.co.kr//Recruit/GI_Read/34187578?PageGbn=HH&logpath=1
[외국어교육 스타트업] CTO,중소기업(300명이하),https://www.jobkorea.co.kr//Recruit/GI_Read/34178800?PageGbn=HH&logpath=1
실리콘밸리 벤처 실내 공기 측정기 개발사 프론트 개발자 모집,벤처기업,https://www.jobkorea.co.kr//Recruit/GI_Read/34174896?PageGbn=HH&logpath=1
오픈소스전문기업에서 프론트앤드 개발자를 모십니다,오픈소스컨설팅,https://www.jobkorea.co.kr//Recruit/GI_Read/34164786?PageGbn=HH&logpath=1
"긴급) 소프트웨어 개발자 (JavaScript, Node.js) - e커머스사 - 최우대",벤처기업,https://www.jobkorea.co.kr//Recruit/GI_Read/34151570?PageGbn=HH&logpath=1
"긴급) e커머스사 - 소프트웨어 개발자 (JavaScript, Node.js) - 최우대",벤처기업,https://www.jobkorea.co.kr//Recruit/GI_Read/34151569?PageGbn=HH&logpath=1
[골프장 운영 중견기업]프론트엔드/백엔드 개발자 채용(3년이상),중견기업(300명이상),https://www.jobkorea.co.kr//Recruit/GI_Read/34146609?PageGbn=HH&logpath=1
"프론트엔드 개발자 (주니어-시니어, 팀장급)-국내 유망 교육 콘텐츠 업체",중소기업(300명이하),https://www.jobkorea.co.kr//Recruit/GI_Read/34146179?PageGbn=HH&logpath=1
"[일본 근무] 앱 관련 개발 엔지니어 모집- 경력직, N2, 고연봉, 플랙서블 타임 근무",외국계 기업,https://www.jobkorea.co.kr//Recruit/GI_Read/34144768?PageGbn=HH&logpath=1
[HEDING/ EJN] 프론트엔드 개발자(Vue.js),중소기업(300명이하),https://www.jobkorea.co.kr//Recruit/GI_Read/34144556?PageGbn=HH&logpath=1
06 [유명IT기업프론트엔드 개발,대기업,https://www.jobkorea.co.kr//Recruit/GI_Read/34128862?PageGbn=HH&logpath=1
"글로벌 게임업체 Server Programmer, QA, Art Designer, Sound Director, Frondend Specialist 모집 - 연봉 업계 최고수준 보장",앤서스랩,https://www.jobkorea.co.kr//Recruit/GI_Read/34124821?PageGbn=HH&logpath=1
글로벌 게임업체 Potal 기획자 및 개발자 모집 / 연봉 업계 최고수준,외국계 기업,https://www.jobkorea.co.kr//Recruit/GI_Read/34120934?PageGbn=HH&logpath=1
글로벌 게임업체 개발자 모집 - 연봉 업계 최고수준/주 52시간 근무제,외국계 기업,https://www.jobkorea.co.kr//Recruit/GI_Read/34109990?PageGbn=HH&logpath=1
웹 프론트엔드 개발자,금융 스타트업,https://www.jobkorea.co.kr//Recruit/GI_Read/34096046?PageGbn=HH&logpath=1
[글로벌/IT/개발자] Front end developer-2,중소기업(300명이하),https://www.jobkorea.co.kr//Recruit/GI_Read/34094719?PageGbn=HH&logpath=1
백엔드 개발자 (대리/과장급)-국내 Top 보일러기업,중견기업(300명이상),https://www.jobkorea.co.kr//Recruit/GI_Read/34094644?PageGbn=HH&logpath=1
AWS 클라우드 기반 IoT 플랫폼 개발 5 -10년,중견기업(300명이상),https://www.jobkorea.co.kr//Recruit/GI_Read/34089801?PageGbn=HH&logpath=1
[국내 클라우드 기업] 클라우드 포털 개발,국내 클라우드 분야 유망기업,https://www.jobkorea.co.kr//Recruit/GI_Read/34080962?PageGbn=HH&logpath=1
06. 프론트 엔지니어,대기업,https://www.jobkorea.co.kr//Recruit/GI_Read/34075042?PageGbn=HH&logpath=1
유망 스타트업 - 프로덕트 엔지니어 (백엔드),중소기업(300명이하),https://www.jobkorea.co.kr//Recruit/GI_Read/34039309?PageGbn=HH&logpath=1
코스닥상장사] 프론트엔드 개발 경력직 채용,중소기업(300명이하),https://www.jobkorea.co.kr//Recruit/GI_Read/33995963?PageGbn=HH&logpath=1
[플랫폼사]Front-End 개발,중소기업(300명이하),https://www.jobkorea.co.kr//Recruit/GI_Read/33994497?PageGbn=HH&logpath=1
"교육 플랫폼기업, 프론트엔드 개발자 모집",벤처기업,https://www.jobkorea.co.kr//Recruit/GI_Read/33986959?PageGbn=HH&logpath=1
[Back-End 엔지니어] 국내 유명 스타트업,벤처기업,https://www.jobkorea.co.kr//Recruit/GI_Read/33985114?PageGbn=HH&logpath=1
웹개발(프론트/백엔드),중소기업(300명이하),https://www.jobkorea.co.kr//Recruit/GI_Read/33891223?PageGbn=HH&logpath=1
SW개발 (프론트엔드) 담당자 - 대전 근무,대기업,https://www.jobkorea.co.kr//Recruit/GI_Read/33883230?PageGbn=HH&logpath=1
프론트엔드 개발 담당 대리 과장 차장급- 그룹 계열사1,그룹 계열사1,https://www.jobkorea.co.kr//Recruit/GI_Read/33796080?PageGbn=HH&logpath=1
[Back-End 개발자] 국내 유명 플랫폼기업,벤처기업,https://www.jobkorea.co.kr//Recruit/GI_Read/33709872?PageGbn=HH&logpath=1
[우량교육기업]웹개발자 Back End(과장-차장급),중견기업(300명이상),https://www.jobkorea.co.kr//Recruit/GI_Read/33663343?PageGbn=HH&logpath=1
06. [유명 게임 개발사] 프론트엔드 프로그래머,중견기업(300명이상),https://www.jobkorea.co.kr//Recruit/GI_Read/33658131?PageGbn=HH&logpath=1
"프론트엔드 개발자(경력: 5년 이상, 3명)",중소기업(300명이하),https://www.jobkorea.co.kr//Recruit/GI_Read/33637652?PageGbn=HH&logpath=1
[경력] 리액트(React) +Typescript 프론트엔드 개발자,(주)스마트포트테크놀로지,https://www.saramin.co.kr/zf_user/jobs/relay/view?view_type=search&rec_idx=39803270&location=ts&searchword=typescript&searchType=search&paid_fl=n
Front-end & Back-end Typescript 개발자,(주)랩투마켓,https://www.saramin.co.kr/zf_user/jobs/relay/view?view_type=search&rec_idx=39546631&location=ts&searchword=typescript&searchType=search&paid_fl=n
프론트 웹개발자(React/Next.JS/TypeScript/Material-UI) 모집,(주)헬로비즈,https://www.saramin.co.kr/zf_user/jobs/relay/view?view_type=search&rec_idx=39568972&location=ts&searchword=typescript&searchType=search&paid_fl=n
"Java 백엔드, TypeScript, 딥러닝 경력직 채용",팜커넥트(주),https://www.saramin.co.kr/zf_user/jobs/relay/view?view_type=search&rec_idx=39867563&location=ts&searchword=typescript&searchType=search&paid_fl=n
2020년 하반기 프론트엔드 경력무관 모집,주식회사 펠로워즈,https://www.saramin.co.kr/zf_user/jobs/relay/view?view_type=search&rec_idx=39699591&location=ts&searchword=typescript&searchType=search&paid_fl=n
[펜타클] 풀스택 엔지니어 경력직 개발자 채용,메가존(주),https://www.saramin.co.kr/zf_user/jobs/relay/view?view_type=search&rec_idx=39858324&location=ts&searchword=typescript&searchType=search&paid_fl=n
[제주] 퍼블리셔/프론트엔드개발 경력 채용(정규직),㈜CS,https://www.saramin.co.kr/zf_user/jobs/relay/view?view_type=search&rec_idx=39744315&location=ts&searchword=typescript&searchType=search&paid_fl=n
"PHP, Laravel, Vue.js Front-end, Back-end 웹 개발자 채용",(주)시대고시기획시대교육,https://www.saramin.co.kr/zf_user/jobs/relay/view?view_type=search&rec_idx=39653724&location=ts&searchword=typescript&searchType=search&paid_fl=n
뷰티플랫폼 이미지 빅데이터 기반 AI개발자 정규모집,(주)지원파트너스,https://www.saramin.co.kr/zf_user/jobs/relay/view?view_type=search&rec_idx=39899759&location=ts&searchword=typescript&searchType=search&paid_fl=n
[블록체인] 백엔드/풀스택/보안/이더리움/게임서버/운영,(주)위메이드,https://www.saramin.co.kr/zf_user/jobs/relay/view?view_type=search&rec_idx=39659842&location=ts&searchword=typescript&searchType=search&paid_fl=n
"프론트/백엔드/파이썬 개발자 경력 채용(주5일,6시간근무)",(주)웨인힐스벤처스,https://www.saramin.co.kr/zf_user/jobs/relay/view?view_type=search&rec_idx=39773901&location=ts&searchword=typescript&searchType=search&paid_fl=n
[오디코드] 함께 성장할 프론트엔드 개발자를 모십니다.,(주)오디코드,https://www.saramin.co.kr/zf_user/jobs/relay/view?view_type=search&rec_idx=39660465&location=ts&searchword=typescript&searchType=search&paid_fl=n
글로벌 스타트업 E-commerce Company 백엔드 엔지니어 모집,(주)바인컨설팅,https://www.saramin.co.kr/zf_user/jobs/relay/view?view_type=search&rec_idx=39892251&location=ts&searchword=typescript&searchType=search&paid_fl=n
(주)ADDD [개발팀-프론트엔드] 신입/경력 채용,(주)애드,https://www.saramin.co.kr/zf_user/jobs/relay/view?view_type=search&rec_idx=39728058&location=ts&searchword=typescript&searchType=search&paid_fl=n
(주)ADDD [개발팀-백엔드] 신입/경력 채용,(주)애드,https://www.saramin.co.kr/zf_user/jobs/relay/view?view_type=search&rec_idx=39728112&location=ts&searchword=typescript&searchType=search&paid_fl=n
"백엔드 개발자(JAVA,SPRING) / Backend Developer (JAVA,SPRING)",(주)클래스101,https://www.saramin.co.kr/zf_user/jobs/relay/view?view_type=search&rec_idx=39774725&location=ts&searchword=typescript&searchType=search&paid_fl=n
[2021년 이리온컴퍼니] 백엔드/프론트엔드 개발자 모집,(주)이리온컴퍼니,https://www.saramin.co.kr/zf_user/jobs/relay/view?view_type=search&rec_idx=39829358&location=ts&searchword=typescript&searchType=search&paid_fl=n
[NAVER Cloud] 클라우드 서비스 개발 경력사원 모집,네이버클라우드(주),https://www.saramin.co.kr/zf_user/jobs/relay/view?view_type=search&rec_idx=39884410&location=ts&searchword=typescript&searchType=search&paid_fl=n
[파킹클라우드]연구소 부문별 채용,파킹클라우드(주),https://www.saramin.co.kr/zf_user/jobs/relay/view?view_type=search&rec_idx=39704888&location=ts&searchword=typescript&searchType=search&paid_fl=n
일본계 포워딩/물류 신입 및 경력 개발자 채용,(주)케이더블유이코리아,https://www.saramin.co.kr/zf_user/jobs/relay/view?view_type=search&rec_idx=39901121&location=ts&searchword=typescript&searchType=search&paid_fl=n
[IT 중견기업] 프론트엔드 개발 경력직 모집,(주)맨토스파워,https://www.saramin.co.kr/zf_user/jobs/relay/view?view_type=search&rec_idx=39922628&location=ts&searchword=typescript&searchType=search&paid_fl=n
웹개발 프론트엔드 / 백엔드 정규직 채용,(주)에어릭스,https://www.saramin.co.kr/zf_user/jobs/relay/view?view_type=search&rec_idx=39867093&location=ts&searchword=typescript&searchType=search&paid_fl=n
[코리아폴리스쿨] AI개발 각 부문별 직원 채용 공고,(주)코리아폴리스쿨,https://www.saramin.co.kr/zf_user/jobs/relay/view?view_type=search&rec_idx=39768649&location=ts&searchword=typescript&searchType=search&paid_fl=n
[코리아폴리스쿨] IT사업본부 각 부문별 직원 채용 공고 (수정-,(주)코리아폴리스쿨,https://www.saramin.co.kr/zf_user/jobs/relay/view?view_type=search&rec_idx=39851604&location=ts&searchword=typescript&searchType=search&paid_fl=n
2021 상반기 응용프로그램개발/웹개발 채용(신입/경력),이에스이(주),https://www.saramin.co.kr/zf_user/jobs/relay/view?view_type=search&rec_idx=39549391&location=ts&searchword=typescript&searchType=search&paid_fl=n
웹프론프엔드/리엑트(React js) 강사 모집,(주)유니윌,https://www.saramin.co.kr/zf_user/jobs/relay/view?view_type=search&rec_idx=39640250&location=ts&searchword=typescript&searchType=search&paid_fl=n
"[신입, 경력] 웹개발 프로그래머/엔지니어 채용",(주)자이언트네트워크그룹,https://www.saramin.co.kr/zf_user/jobs/relay/view?view_type=search&rec_idx=39739288&location=ts&searchword=typescript&searchType=search&paid_fl=n
(주)포시에스 웹 개발자 모집,(주)포시에스,https://www.saramin.co.kr/zf_user/jobs/relay/view?view_type=search&rec_idx=39756275&location=ts&searchword=typescript&searchType=search&paid_fl=n
2021년 상반기 각 부문 신입/경력 채용,더이앤엠(주),https://www.saramin.co.kr/zf_user/jobs/relay/view?view_type=search&rec_idx=39898418&location=ts&searchword=typescript&searchType=search&paid_fl=n
모빌리티 서비스 개발 경력(3~10년) 채용,(주)알티캐스트,https://www.saramin.co.kr/zf_user/jobs/relay/view?view_type=search&rec_idx=39615936&location=ts&searchword=typescript&searchType=search&paid_fl=n
무스마 21년 상반기 경력직 채용(서울),(주)무스마,https://www.saramin.co.kr/zf_user/jobs/relay/view?view_type=search&rec_idx=39842723&location=ts&searchword=typescript&searchType=search&paid_fl=n
연합시스템 IT팀 2차 모집 공고,(주)연합시스템,https://www.saramin.co.kr/zf_user/jobs/relay/view?view_type=search&rec_idx=39673373&location=ts&searchword=typescript&searchType=search&paid_fl=n
프론트엔드 개발자,(주)빗썸코리아,https://www.saramin.co.kr/zf_user/jobs/relay/view?view_type=search&rec_idx=39710371&location=ts&searchword=typescript&searchType=search&paid_fl=n
시스템 개발 및 운영,키움에셋플래너(주),https://www.saramin.co.kr/zf_user/jobs/relay/view?view_type=search&rec_idx=39735054&location=ts&searchword=typescript&searchType=search&paid_fl=n
웹 프론트엔드 개발자 채용 [신입/경력],(주)맨텍,https://www.saramin.co.kr/zf_user/jobs/relay/view?view_type=search&rec_idx=39911415&location=ts&searchword=typescript&searchType=search&paid_fl=n
웹 프론트엔드 개발자 채용 공고,유디엠텍,https://www.saramin.co.kr/zf_user/jobs/relay/view?view_type=search&rec_idx=39701693&location=ts&searchword=typescript&searchType=search&paid_fl=n
모빌리티 서비스 개발자,(주)알티캐스트,https://www.saramin.co.kr/zf_user/jobs/relay/view?view_type=search&rec_idx=39925810&location=ts&searchword=typescript&searchType=search&paid_fl=n
[펑타이코리아] 프론트엔드 개발자 / Scripter,펑타이그레이터차이나(유),https://www.saramin.co.kr/zf_user/jobs/relay/view?view_type=search&rec_idx=39856666&location=ts&searchword=typescript&searchType=search&paid_fl=n
[티몬]  신사업개발 Front end 개발자,(주)티몬,https://www.saramin.co.kr/zf_user/jobs/relay/view?view_type=search&rec_idx=39900045&location=ts&searchword=typescript&searchType=search&paid_fl=n
[피터팬의 좋은방 구하기] 프론트엔드 개발자 채용,(주)두꺼비세상,https://www.saramin.co.kr/zf_user/jobs/relay/view?view_type=search&rec_idx=39902226&location=ts&searchword=typescript&searchType=search&paid_fl=n
